クラスタ番号,タグ
0,['#瞑想']
1,['#NPO']
2,['#コンビニ']
3,"['#猫', '#犬']"
4,"['#コラム', '#ブログ']"
5,['#セカンダリー']
6,"['#パートナーシップ', '#コンサルティング']"
7,"['#感謝', '#対話', '#質問', '#反省']"
8,['#ディズニー']
9,"['#新型コロナウイルス', '#コロナウイルス', '#新型コロナウイルス対策', '#アフターコロナ', '#新型コロナウィルス', '#ツインレイ', '#コロナ禍', '#インフルエンサー', '#ガジェット', '#ホロスコープ', '#新型コロナ', '#アプリ開発']"
10,"['#旅行', '#ヨガ', '#自炊', '#学習', '#体験']"
11,"['#エンタメ', '#お笑い芸人']"
12,"['#東京競馬予想', '#名古屋競馬', '#東京競馬', '#名古屋競馬予想', '#東日本大震災', '#東京競馬場', '#東京都', '#東京オリンピック']"
13,"['#予想', '#成長', '#目標', '#努力', '#節約', '#自信', '#経験', '#希望', '#将来', '#価値', '#才能', '#信頼', '#目的', '#評価', '#決断']"
14,"['#ボート予想', '#ニューヨーク', '#クラフトビール', '#オーガニック', '#アメリカ生活', '#アメリカ留学']"
15,"['#写真', '#動画', '#海外', '#占い', '#感想', '#散歩', '#メモ', '#雑談', '#無料', '#朗読', '#企画', '#情報', '#洋楽', '#応援', '#相談', '#手帳', '#徒然', '#撮影', '#開運', '#映像', '#釣り', '#広報', '#紹介', '#展示', '#楽器', '#解説', '#宣伝', '#配信', '#挨拶', '#楽天', '#天気', '#お話', '#ロゴ', '#演奏', '#取材']"
16,"['#母', '#死', '#娘', '#親', '#父', '#女', '#夫', '#私', '#妻', '#家']"
17,"['#美容師', '#不動産', '#脱サラ', '#習い事', '#美容院']"
18,"['#サッカー', '#スポーツ', '#マラソン', '#ラグビー', '#プロレス', '#ナイター']"
19,"['#婚活', '#癒し', '#朝活', '#田舎暮らし', '#毒親', '#予想屋', '#家庭料理', '#美容室', '#家庭菜園', '#恋愛相談', '#気付き', '#お仕事', '#お散歩', '#小説家', '#毒親育ち', '#お風呂', '#恋活', '#丁寧な暮らし', '#体調不良']"
20,"['#music', '#japan', '#apple', '#radio']"
21,"['#グルメ', '#レシピ', '#カレー', '#ランチ', '#ペット', '#ビール', '#ごはん', '#ワイン', '#手作り', '#お菓子', '#フード', '#日本酒', '#食べ物', '#買い物', '#うさぎ', '#ケーキ', '#パスタ', '#天然石', '#宝くじ', '#アイス', '#文房具', '#コラボ', '#ハーブ', '#手料理', '#うどん', '#和菓子']"
22,"['#ダイエット', '#アラフォー', '#一人暮らし', '#ツイッター', '#インターン', '#アラフィフ', '#アルバイト', '#カメラマン', '#セラピスト', '#アスリート', '#マッサージ']"
23,"['#モノクロ', '#スケッチ', '#レッスン', '#デッサン']"
24,"['#いま私にできること', '#スキしてみて', '#習慣にしていること', '#スタートアップ', '#人生を変えた出会い', '#これからの仕事術', '#挑戦している君へ', '#考えたこと', '#お金について考える', '#好きなことを仕事にする', '#やりたいこと', '#書くこと', '#思ったこと', '#継続は力なり', '#思うこと', '#また乾杯しよう', '#給付金をきっかけに', '#文章を書く', '#新しい働き方', '#今私にできること', '#日々のこと']"
25,['#プログラミング']
26,"['#就活', '#社会人', '#経営者', '#就職活動', '#在宅ワーク', '#看護師', '#働き方改革', '#不登校', '#外出自粛', '#起業家', '#在宅勤務', '#個人事業主', '#転職活動', '#就活生', '#副業収入', '#情報発信', '#地方創生', '#女性起業家', '#健康管理', '#新社会人', '#飲食店経営', '#令和', '#保護猫', '#緊急事態宣言', '#人材育成', '#新規事業', '#夫婦関係', '#オープン社内報', '#保育士', '#副業の教科書', '#新宿租界', '#社会問題', '#作業療法士', '#営業マン', '#管理栄養士', '#高齢者', '#新入社員', '#副収入', '#専業主婦', '#親子関係', '#経営戦略', '#働く女性', '#男性育休', '#中小企業診断士', '#機能不全家族', '#無印良品', '#介護福祉士']"
27,"['#日本', '#沖縄', '#中国', '#韓国']"
28,"['#地方競馬予想', '#競輪予想', '#中央競馬予想', '#大井競馬予想', '#競馬女子', '#競馬予想中', '#川崎競馬', '#競馬場', '#園田競馬', '#船橋競馬', '#阪神競馬予想', '#競馬好き', '#競馬初心者', '#川崎競馬予想', '#競馬投資', '#浦和競馬', '#競馬新聞', '#高知競馬', '#競馬ファン', '#京都競馬予想', '#競馬ブログ', '#競馬大好き', '#中山競馬予想', '#園田競馬予想', '#勝負馬券', '#新潟競馬予想', '#船橋競馬予想', '#門別競馬', '#福島競馬予想', '#南関競馬', '#浦和競馬予想', '#地方競馬場予想', '#高知競馬予想', '#中京競馬予想', '#京都競馬', '#門別競馬予想', '#札幌競馬予想', '#函館競馬予想', '#笠松競馬', '#中山競馬', '#阪神競馬', '#新潟競馬', '#小倉競馬予想', '#南関東競馬', '#盛岡競馬', '#地方競馬最終', '#南関競馬予想', '#佐賀競馬', '#金沢競馬', '#無料競馬予想', '#中京競馬', '#笠松競馬予想', '#馬券勝負']"
29,"['#drawing', '#fashion']"
30,"['#趣味', '#自分', '#友達', '#好き', '#ママ', '#先生', '#パン', '#パリ', '#仲間', '#恋人', '#教師', '#大人', '#遊び', '#田舎', '#部活', '#彼女', '#本屋', '#彼氏', '#上司', '#友人', '#ゲイ', '#ジム', '#百合', '#パパ', '#名前']"
31,"['#生き方', '#考え方', '#生きる', '#気づき', '#考える', '#スキル', '#花言葉', '#無意識', '#考え事']"
32,"['#つぶやき', '#ニュース', '#おはよう', '#お知らせ', '#blog', '#レポート', '#エッセー', '#しあわせ', '#メルマガ']"
33,"['#女性', '#男女', '#若者', '#少女', '#男性', '#女子']"
34,"['#note毎日更新', '#Twitter', '#note初心者', '#note書き初め', '#noteのつづけ方', '#noteでよかったこと', '#noteの書き方', '#note映画部', '#noteはじめました', '#Nikon', '#stayhome', '#noteおやつ部', '#no活', '#Design', '#note俳句部', '#note感想文', '#iPad', '#note弁当部', '#Photography', '#note初投稿', '#Spotify', '#note短歌部', '#Google', '#withコロナ', '#tororomuseum', '#eSports', '#note応援部', '#Vlog', '#noteコーヒー部', '#Unity', '#Twitter運用', '#JavaScript', '#followme', '#Honda', '#Photograph', '#Web', '#tiktok', '#suzukacircuit', '#Cafe']"
35,"['#筋トレ', '#ハンドメイド', '#勝負レース', '#テレワーク', '#Jリーグ', '#プロ野球', '#激アツレース', '#スマホ', '#FXトレード', '#世界一周', '#ビットコイン', '#バックパッカー', '#ドル円', '#ボードゲーム', '#eスポーツ', '#フィットネス', '#ロードバイク', '#相互フォロー', '#ブロックチェーン', '#オラクルカード', '#メインレース', '#最終レース', '#ナイターレース', '#テイクアウト', '#逆噴射プラクティス', '#キナリ杯', '#ゲーム実況', '#最終レース予想', '#メインレース予想', '#パワーストーン', '#チームビルディング', '#ナンバーズ４', '#ボディメイク', '#ユーロドル', '#豪ドル円', '#キャッシュレス', '#デイトレード', '#スキルアップ', '#ネタバレ', '#ルーティン', '#フリー句', '#トレード手法', '#ナンバーズ３', '#一眼レフ', '#ロックダウン', '#サブスク', '#パラレルキャリア', '#鈴鹿サーキット', '#Bリーグ', '#バイナリー', '#スイングトレード', '#スペイン語', '#ヒップホップ', '#FXトレーダー', '#パワースポット', '#トレード日誌', '#インプットとアウトプット', '#ゼロ除算']"
36,"['#災害', '#地震']"
37,"['#boatrace', '#facebook']"
38,"['#哲学', '#社会', '#政治', '#仏教', '#宗教', '#思想']"
39,"['#教育', '#健康', '#介護', '#福祉', '#保育']"
40,"['#競艇予想屋', '#ボートレース予想', '#住之江競艇', '#競艇確率', '#大村競艇', '#蒲郡競艇', '#徳山競艇', '#芦屋競艇', '#丸亀競艇', '#下関競艇', '#若松競艇', '#桐生競艇', '#唐津競艇', '#三国競艇', '#陸上競技', '#無料ボートレース予想', '#鳴門競艇', '#ボートレース住之江', '#蒲郡競艇予想', '#オートレース予想', '#宮島競艇', '#ボートレース大村', '#競艇女子', '#大村競艇予想', '#ボートレース芦屋', '#ボートレース徳山']"
41,"['#自己紹介', '#読書感想文', '#自己啓発', '#推薦図書', '#自由詩', '#初投稿', '#体験談', '#仕事術', '#断捨離', '#勉強法', '#自由律俳句', '#英語勉強', '#編集者', '#言語化', '#成功法則', '#自己実現', '#一次創作', '#読書感想', '#自粛生活', '#人生論', '#環境問題', '#二次創作', '#連続投稿', '#体験記', '#自己表現', '#指導者', '#読書会', '#創作活動', '#推し', '#自己理解', '#自由律', '#誹謗中傷', '#闘病記', '#展覧会', '#仕事論', '#英語の勉強', '#感想文', '#勉強会']"
42,"['#バンコク', '#ロンドン']"
43,['#ミュージシャン']
44,"['#アラサー', '#弾き語り', '#セックス', '#赤ちゃん', '#シュール', '#ワーホリ', '#カップル', '#メンヘラ', '#お母さん', '#おじさん', '#コメディ', '#アマゾン']"
45,"['#語学', '#国語', '#教養']"
46,"['#ギャンブル', '#コーチング', '#ポジティブ', '#生きづらさ', '#ヒーリング', '#エネルギー', '#ネガティブ', '#リラックス', '#ジェンダー', '#カルチャー', '#ミステリー', '#キリスト教', '#デトックス', '#プロテイン', '#フランス語', '#アレルギー']"
47,"['#宇宙', '#科学', '#実験']"
48,"['#おうち時間を工夫で楽しく', '#私のイチオシ', '#ゆたかさって何だろう', '#写真好きな人と繋がりたい', '#カメラのたのしみ方', '#つくるのはたのしい', '#はたらくを自由に', '#渋谷のラジオ', '#買ってよかったもの', '#おすすめ本', '#今日のつぶやき', '#競馬好きな人と繋がりたい', '#おうちごはん', '#子育て日記', '#詩のようなもの', '#一度は行きたいあの場所', '#今日は何の日', '#私の不思議体験', '#幸せになる方法', '#ニュースで語る', '#みんなでつくる秋アルバム', '#好きなこと', '#旅とわたし', '#フォローお願いします', '#らくがき', '#旅する日本語', '#朝ごはん', '#犬のいる暮らし', '#まいにち日記部', '#私のお店', '#ちゅうハヤ', '#シングルマザー', '#平成最後の夏', '#毎日更新がんばる', '#まちづくり', '#我が家のペット自慢', '#8月31日の夜に', '#君のことばに救われた', '#あつまれどうぶつの森', '#ものづくり', '#競艇好きとつながりたい', '#引き寄せの法則', '#心理学をもっと身近に', '#小説家になろう', '#お金を稼ぐ', '#やさしさにふれて', '#引きこもり', '#好きなもの', '#あの夏に乾杯', '#大人になったものだ', '#読書好きな人と繋がりたい', '#こんな学校あったらいいな', '#今日のメッセージ', '#令和元年にやりたいこと', '#ひきこもり', '#おはようございます', '#人生の生き方', '#部活の思い出', '#猫がいる生活', '#こんな社会だったらいいな', '#好きな日本文化', '#夏の思い出', '#あの恋', '#読んだ本', '#カメラ好きな人と繋がりたい', '#将来の夢', '#競馬っていいよね', '#小さな幸せ', '#アメブロを見て', '#今日の一言', '#料理好きな人と繋がりたい', '#おばあちゃん', '#よろしくお願いします', '#子どもとの関わり', '#歌ってみた']"
49,"['#サラリーマン', '#nikkei']"
50,"['#色', '#青']"
51,"['#youtube', '#youtuber', '#netflix', '#podcast', '#インスタグラム']"
52,"['#作曲', '#作詞']"
53,"['#福岡', '#長崎', '#熊本']"
54,"['#大学生', '#高校生', '#小学生', '#夏休み', '#中学生', '#いじめ', '#ニート', '#バイト', '#大学院', '#バスケ', '#受験生', '#チーム', '#公務員', '#日本人']"
55,"['#flower', '#illust']"
56,"['#雑記', '#創作', '#書評', '#連載', '#編集', '#翻訳', '#雑感', '#雑文', '#雑誌', '#書籍', '#執筆']"
57,"['#絵', '#旅', '#夢', '#空', '#恋', '#夜', '#今']"
58,"['#スピリチュアル', '#モチベーション', '#カウンセリング', '#リーダーシップ', '#コンプレックス', '#ファスティング']"
59,"['#会話', '#穴馬', '#考え', '#思い', '#発見', '#願い']"
60,"['#家族', '#結婚', '#夫婦', '#子供', '#移住', '#妊娠', '#親子', '#主婦', '#出産', '#離婚', '#不倫', '#無職', '#息子', '#家事', '#妊婦', '#虐待', '#浮気', '#母親', '#父親', '#独身', '#同棲']"
61,"['#キャンプ', '#スナップ', '#マガジン', '#サークル', '#コピック', '#ドライブ', '#スロット', '#トランプ']"
62,"['#観光', '#登山', '#温泉']"
63,"['#ことば', '#こころ', '#世界史']"
64,"['#映画レビュー', '#コンテンツ会議', '#イベントレポ', '#クリエイター', '#オンラインサロン', '#リモートオフィス', '#ネットラジオ', '#フィルムカメラ', '#みんなのフォトギャラリー', '#フォトグラファー', '#グラフィックデザイン', '#ポッドキャスト', '#マッチングアプリ', '#音楽レビュー', '#オンライン授業', '#ライブ配信', '#ネットショップ', '#フィルム写真', '#イベントレポート', '#クラシック音楽', '#アクセサリー通販', '#読書レビュー', '#オンラインイベント', '#オンライン英会話', '#オンラインレッスン', '#ライブレポ', '#オンライン飲み会']"
65,['#トランスジェンダー']
66,"['#SNS', '#DTM', '#HSP', '#COMEMO', '#ART', '#JRA', '#AI', '#ADHD', '#SF', '#404美術館', '#LGBT', '#MUP', '#ZOOM', '#IT', '#SDGs', '#LINE', '#読書の秋2020', '#COVID19', '#2020年', '#DIY', '#TOEIC', '#LINEスタンプ', '#VR', '#2019年', '#20代', '#ASD', '#M5', '#2020年代の未来予想図', '#HSP気質', '#UX', '#22卒', '#OL', '#BGM', '#SEO', '#DJ', '#3連単', '#HSS型HSP', '#40代', '#BL', '#30代', '#21卒', '#KPOP', '#G1', '#FUJIFILM', '#日経COMEMO', '#ＪＲＡ', '#FOLLOW', '#JRDB', '#1', '#BTC', '#UI', '#PR', '#NHK', '#140字小説', '#MTG', '#VOCALOID', '#FP', '#100文字ドラマ', '#AIKA競馬の予想', '#SNS活用', '#乃木坂46', '#NJSLYR', '#LIVE', '#DX']"
67,"['#毎日', '#日報', '#新聞']"
68,"['#挑戦', '#成功', '#失敗']"
69,"['#昭和', '#大井', '#平成']"
70,"['#アート', '#思い出', '#暮らし', '#ライブ', '#出会い', '#ロック', '#ダンス', '#デート', '#結婚式', '#ノート', '#飛行機', '#メイン', '#片思い', '#ボート', '#伝える', '#居場所']"
71,"['#水', '#木']"
72,"['#悩み', '#うつ', '#不安', '#障害']"
73,"['#ストレス', '#日常生活', '#リハビリ', '#トラウマ', '#ロボット', '#アトピー', '#きっかけ']"
74,"['#心理学', '#英語学習', '#人生哲学', '#大学受験', '#理学療法士', '#脳科学', '#英語教育', '#アドラー心理学', '#機械学習', '#資格試験', '#語学留学', '#学習塾', '#東洋医学']"
75,"['#風景', '#紅葉', '#景色', '#夜景', '#季節', '#夕日']"
76,['#歌']
77,"['#本', '#月', '#人']"
78,"['#睡眠', '#呼吸']"
79,['#書道']
80,"['#ギター', '#ピアノ', '#バンド', '#ジャズ', '#ドラム', '#ベース']"
81,"['#ナンパ', '#スタバ', '#セフレ', '#歯医者']"
82,"['#ラジオ', '#アニメ', '#ドラマ', '#テレビ', '#ネット']"
83,"['#オリジナル', '#ありがとう', '#エンジニア', '#オンライン', '#デザイナー', '#メッセージ', '#クリスマス', '#チャレンジ', '#プレゼント', '#コンテンツ', '#ナンバーズ', '#ストレッチ', '#ハロウィン', '#インプット', '#クラシック', '#ストーリー', '#movie', '#カレンダー', '#コラージュ', '#フォロワー', '#ワンピース', '#ランキング', '#モーニング', '#ドラえもん', '#おめでとう']"
84,"['#夏', '#冬']"
85,"['#妄想', '#青空', '#空想', '#冒険', '#妖怪']"
86,"['#カフェ', '#飲食店', '#ホテル', '#美術館', '#喫茶店', '#居酒屋', '#コスメ', '#サウナ', '#映画館', '#bar']"
87,"['#心', '#愛']"
88,"['#勉強', '#留学', '#学び', '#練習', '#授業', '#講座', '#独学', '#理系']"
89,"['#トレーニング', '#コミュニティ', '#はじめまして', '#ボランティア', '#ウォーキング', '#カウンセラー', '#ゲストハウス', '#オリンピック', '#バレンタイン']"
90,"['#お笑い', '#初心者', '#独り言', '#楽しい', '#女の子', '#気持ち', '#やる気', '#オタク', '#ギャグ', '#まとめ', '#片付け', '#コント', '#可愛い', '#早起き', '#前向き', '#面白い', '#不思議', '#楽しむ', '#楽しみ', '#頑張る', '#痩せる', '#話し方', '#大丈夫']"
91,"['#音楽', '#演劇', '#芸術', '#舞台']"
92,"['#ランニング', '#ベンチャー', '#アウトドア', '#インテリア', '#レストラン', '#サーフィン', '#ジョギング', '#フットサル']"
93,['#illustration']
94,"['#保育園', '#小学校', '#幼稚園']"
95,"['#子育て', '#子ども', '#こども', '#図書館', '#思春期', '#乳がん']"
96,"['#アウトプット', '#テクノロジー', '#マネジメント', '#python', '#ライティング', '#ファイナンス']"
97,['#ec']
98,"['#学校', '#学生', '#大学', '#高校', '#教員', '#東大', '#卒業']"
99,"['#雨', '#雲', '#雪', '#嵐']"
100,"['#食', '#酒']"
101,"['#お金', '#稼ぐ', '#転売', '#貯金', '#借金', '#詐欺', '#ドル', '#税金', '#収入']"
102,"['#思考', '#習慣', '#感情', '#行動', '#運動', '#組織', '#性格', '#意識', '#個性', '#身体', '#共感', '#差別', '#精神', '#感覚', '#恐怖', '#内省', '#姿勢', '#浄化']"
103,"['#アフィリエイト', '#インターネット', '#コピーライター', '#ポケモンカード', '#タロットカード']"
104,"['#筋肉', '#腰痛', '#減量', '#手術', '#頭痛']"
105,"['#食事', '#野菜', '#掃除', '#着物', '#珈琲', '#朝食', '#紅茶', '#お茶', '#発酵', '#香り']"
106,"['#ヨーロッパ', '#フィリピン', '#東南アジア', '#マレーシア', '#カンボジア', '#デンマーク']"
107,['#ホラー']
108,"['#大学生ブログ', '#大学生日記', '#学校教育', '#女子大生', '#中学受験', '#幼児教育', '#大学生活', '#高校野球', '#大人の学び', '#女子高生']"
109,"['#note', '#life', '#love']"
110,"['#馬券', '#為替', '#相場']"
111,"['#投資', '#金融', '#資産']"
112,"['#読書', '#短歌', '#俳句', '#文学', '#散文', '#随筆', '#文化', '#作家', '#文芸', '#詩人', '#書店']"
113,"['#ひとりごと', '#自分と向き合う', '#一人旅', '#自分らしさ', '#振り返り', '#ワーママ', '#引き寄せ', '#言葉の力', '#鬼滅の刃', '#自分軸', '#ひとり旅', '#今を生きる', '#夢を叶える', '#女性の生き方', '#心の声', '#自分らしく生きる', '#FX初心者', '#優しさ', '#うつ状態', '#自分探し', '#出会い系', '#死にたい', '#感謝の気持ち', '#自分語り', '#豊かさ', '#何気ない日常', '#自分らしい生き方', '#自分磨き', '#生と死', '#生きること', '#心と身体', '#疲れた', '#自分を知る', '#気づきの瞑想', '#抑うつ']"
114,"['#自然', '#歴史', '#心理', '#考察', '#研究', '#出版', '#風俗', '#分析', '#法律', '#古典', '#論文', '#内観']"
115,"['#海外生活', '#海外旅行', '#旅行記', '#海外留学', '#海外移住', '#国際結婚', '#海外旅行記', '#食レポ', '#日本史', '#国内旅行', '#地方移住', '#外国人', '#世界旅行', '#外国為替証拠金取引', '#日本語教師', '#遠距離恋愛', '#国際恋愛', '#外国為替', '#韓国語', '#国際協力', '#宇宙人', '#現代美術', '#日本文化']"
116,"['#ショートショート', '#1000日チャレンジ', '#競馬はロマン', '#西野亮廣エンタメ研究所', '#ショートストーリー', '#ライフハック', '#ミッドナイト競輪', '#コロナに負けるな', '#マインドフルネス', '#メンタルヘルス', '#ダイエット日記', '#パパの子育て', '#恋愛コラム', '#現代アート', '#ミニマリスト', '#マインドセット', '#考察コラム', '#応援したいスポーツ', '#ギャンブル予想', '#簡単レシピ', '#公開ダイエット', '#アラサー女子', '#ファインダー越しの私の世界', '#パーソナルトレーナー', '#新生活に向けて', '#１日１エッセイ', '#アダルトチルドレン', '#タロット占い', '#大人の発達障害', '#MUPカレッジ', '#パニック障害', '#ワークライフバランス', '#スキンケア', '#恋愛テクニック', '#ブラック企業', '#青年海外協力隊', '#自閉症スペクトラム', '#ジャニーズ', '#ヨガインストラクター', '#ワーキングホリデー', '#メンタルトレーニング', '#私のパートナー', '#セルフケア', '#メンズファッション', '#公営ギャンブル', '#社会人1年目の私へ', '#ジェイソン先生', '#パーソナルトレーニング', '#ハンドメイドアクセサリー', '#宇宙の法則', '#100日チャレンジ', '#Tシャツ', '#日経225先物デイトレード', '#ミッドナイト競輪予想', '#超ショートショート', '#海外ドラマ', '#ステイホーム', '#旅コラム', '#各場の最終12レース予想', '#シェアハウス', '#育児マンガ', '#ハンドメイド作家', '#働くママ', '#ブログ初心者', '#シェア大歓迎', '#WEBデザイナー', '#就活体験記', '#大人のADHD', '#駆け出しエンジニア', '#シンプルライフ', '#キャッチコピー', '#ダイエット記録', '#フリーランス日記', '#ポジティブ思考', '#自己紹介をゲームで語る', '#アラサーOL']"
117,['#重賞']
118,"['#パチンコ', '#パチスロ']"
119,"['#映画感想', '#エッセイ漫画', '#動画編集', '#日常漫画', '#映画鑑賞', '#お絵描き', '#創作漫画', '#マンガ感想文', '#三連単', '#WEB漫画', '#映画評', '#漫画家', '#育児漫画', '#ギャグ漫画']"
120,"['#満月', '#地球', '#太陽']"
121,['#禅']
122,"['#小説', '#映画', '#漫画', '#短編', '#絵本', '#掌編', '#作品', '#脚本', '#童話']"
123,['#塾']
124,"['#東京', '#京都', '#大阪', '#札幌', '#奈良', '#神戸', '#川崎', '#金沢']"
125,"['#日記', '#人生', '#恋愛', '#幸せ', '#生活', '#物語', '#青春', '#孤独', '#幸福', '#祈り', '#日々', '#運命', '#天使']"
126,"['#株式投資', '#競艇投資', '#会社員', '#株投資', '#不動産投資', '#米国株', '#投資家', '#自己投資', '#資金調達', '#日本株', '#投資信託', '#投資法']"
127,"['#ビジネス', '#キャリア', '#レビュー', '#マインド', '#メディア', '#セミナー', '#アパレル', '#ノウハウ', '#パソコン', '#中小企業', '#サービス', '#大学院生', '#セールス']"
128,['#声']
129,"['#動物園', '#水族館']"
130,"['#イタリア', '#スペイン']"
131,['#メルカリ']
132,"['#備忘録', '#英会話', '#日本語', '#中国語', '#cat', '#英単語']"
133,"['#働き方', '#的中', '#自己肯定感', '#資産運用', '#仮想通貨', '#価値観', '#万馬券予想', '#自己分析', '#潜在意識', '#習慣化', '#自己成長', '#厳選予想', '#馬券予想', '#穴予想', '#多様性', '#人工知能', '#糖質制限', '#思考法', '#複業', '#目標設定', '#目標達成', '#竹花貴騎', '#行動力', '#集中力', '#生産性', '#無料予想', '#鉄板軸馬', '#効率化', '#地域活性化', '#新卒採用', '#再生核研究所', '#問題解決', '#資産形成', '#暗号通貨', '#高配当', '#承認欲求', '#拡散希望', '#暗号資産', '#抽象画', '#日経平均', '#推奨馬']"
134,"['#コーヒー', '#アイドル', '#ラーメン', '#おすすめ', '#タロット', '#スイーツ', '#かわいい', '#美味しい', '#カラオケ', '#おしゃれ', '#ワクワク', '#オススメ', '#コスプレ', '#プレゼン', '#スパイス', '#イケメン', '#おにぎり']"
135,"['#名古屋', '#鹿児島']"
136,"['#ファッション', '#キャラクター', '#チョコレート', '#アクセサリー']"
137,"['#ゴルフ', '#テニス']"
138,"['#芸人', '#ネタ', '#漫才', '#エロ', '#ハゲ', '#笑い']"
139,"['#声優', '#俳優', '#女優', '#役者']"
140,"['#海', '#山']"
141,"['#営業', '#開業']"
142,['#とは']
143,"['#ファンタジー', '#ミュージカル']"
144,"['#毎日更新', '#毎日投稿', '#写真日記', '#育児日記', '#読書日記', '#読書記録', '#夢日記', '#毎日更新倶楽部', '#旅日記', '#花写真', '#猫写真', '#電子書籍', '#写真家', '#読書メモ', '#ブログ更新', '#熟成下書き', '#風景写真', '#西野亮廣', '#空写真', '#日経新聞', '#製作日記', '#本紹介', '#毎日日記', '#交換日記', '#箕輪編集室', '#青山裕企', '#ねこ写真', '#村上春樹', '#堀江貴文', '#ブログ運営', '#日経２２５', '#筆文字', '#箕輪厚介']"
145,"['#料理', '#ご飯', '#銭湯', '#寿司', '#餃子', '#和食', '#焼肉']"
146,"['#命', '#魂', '#神']"
147,"['#横浜', '#湘南']"
148,"['#短編小説', '#連載小説', '#恋愛小説', '#掌編小説', '#超短編小説', '#現代短歌', '#長編小説', '#創作小説', '#SF小説', '#超短編', '#連載長編小説']"
149,"['#採用', '#戦略', '#運用', '#技術', '#開発']"
150,"['#名言', '#格言', '#モテ', '#知識', '#雑学', '#神様', '#本音', '#図解', '#簡単', '#コツ', '#常識']"
151,"['#花', '#秋', '#桜', '#春', '#朝', '#馬']"
152,"['#オーストラリア', '#ニュージーランド']"
153,"['#リモートワーク', '#Vtuber', '#youtube動画', '#cakesコンテスト', '#Instagram', '#Amazon', '#Webデザイン', '#MUPウサギクラス', '#cakesコンテスト2020', '#YouTubeチャンネル', '#webライター', '#カードリーディング', '#noteクリエイター', '#Illustrator', '#バーチャルYouTuber', '#Voicy', '#Webサービス', '#UIデザイン', '#MUPアウトプット', '#UXデザイン', '#バイナリーオプション', '#SaaS', '#GoToキャンペーン', '#Mac', '#HipHop', '#ミスiD', '#ITエンジニア', '#Photoshop', '#IoT', '#ECサイト', '#Tokyo', '#メンタリストDaigo']"
154,"['#音声配信', '#4コマ漫画', '#コミックエッセイ', '#4コマ', '#オリジナル小説', '#イラストエッセイ', '#4コママンガ', '#オリジナル曲', '#コミックエッセイ大賞', '#音楽制作', '#四コマ漫画', '#ポケカ', '#夏のオススメ', '#オリジナルイラスト', '#アナログ絵', '#オリジナルアクセサリー', '#アニメ感想', '#４コマ', '#ファンタジー小説', '#４コマ漫画', '#エッセイマンガ', '#ライトノベル', '#オリジナルキャラクター', '#旅エッセイ', '#ポケカ記事', '#デザイン思考', '#四コマ', '#恋愛エッセイ', '#デジタルイラスト', '#ニンジャスレイヤー', '#テレビ東京']"
155,['#円']
156,"['#毎日note', '#有料note', '#ほぼ毎日note', '#無料note', '#初めてのnote', '#はじめてのnote', '#1日1note', '#副業note']"
157,"['#渋谷', '#新宿', '#銀座']"
158,['#求人']
159,"['#新潟', '#仙台', '#静岡', '#福島']"
160,"['#街', '#庭', '#森']"
161,"['#ドイツ', '#インド', '#カナダ', '#ハワイ', '#ロシア', '#富士山', '#アジア']"
162,"['#食生活', '#免疫力', '#肩こり', '#糖尿病']"
163,"['#呟き', '#失恋', '#手紙', '#自殺', '#想い', '#愚痴', '#怒り', '#感動', '#後悔', '#別れ', '#辛い', '#素直']"
164,"['#建築', '#美術', '#絵画', '#水彩', '#洋画', '#画家']"
165,['#アロマ']
166,['#アセンション']
167,['#北海道']
168,"['#広島', '#高知', '#岡山']"
169,"['#私の仕事', '#人間関係', '#おうち時間', '#誕生日', '#人生観', '#お弁当', '#西洋占星術', '#自分の人生', '#知恵袋_', '#本好き', '#万馬券当てたい', '#勝負馬券予想', '#おやつ', '#今日の占い', '#悩み相談', '#せどり', '#人間関係の悩み', '#飲み会', '#名前の由来', '#星読み', '#時間の使い方', '#モテる方法', '#思考の整理', '#星占い', '#怖い話', '#あつ森', '#一日一絵', '#カフェ巡り', '#あるある', '#雨の日', '#直前予想', '#ほぼ日', '#日曜作曲', '#新月', '#ぼやき', '#休日の過ごし方', '#母の日', '#都市伝説', '#音楽活動', '#お菓子作り', '#繊細さん', '#私の勝負曲', '#お絵かき', '#お家時間', '#お金の話', '#星野源']"
170,"['#フィンランド', '#シンガポール', '#インドネシア']"
171,"['#iphone', '#kindle']"
172,['#休校']
173,['#光']
174,"['#英語', '#文章', '#歌詞', '#記事', '#聖書', '#画像', '#文字', '#漢字', '#駄文', '#書く', '#短文']"
175,['#鬱']
176,"['#鳥', '#魚']"
177,['#ジブリ']
178,"['#育児', '#病気', '#闘病', '#入院', '#栄養', '#風邪', '#がん', '#鬱病', '#生理', '#難病']"
179,"['#実話', '#怪談']"
180,"['#クラウドファンディング', '#カイロプラクティック', '#リハビリテーション']"
181,"['#退職', '#休職']"
182,"['#神社', '#花火', '#七夕']"
183,['#鉄道']
184,"['#占い師', '#占星術']"
185,"['#梅雨', '#台風']"
186,['#靴']
187,"['#経営', '#経済', '#社長']"
188,"['#stay_at_home', '#stay_home']"
189,['#脳']
190,"['#カメラ', '#コロナ', '#マスク', '#メイク', '#モデル', '#ノマド']"
191,"['#詩', '#詞']"
192,['#鎌倉']
193,"['#ねこ', '#ネコ', '#柴犬']"
194,"['#継続', '#記録', '#時間', '#独立', '#過去', '#休日', '#資格', '#自粛', '#選挙', '#更新', '#告知', '#結果', '#支援']"
195,"['#数学', '#物理']"
196,"['#集客', '#物販']"
197,"['#プログラミング初心者', '#プログラミング学習', '#インスト', '#プログラミング教育']"
198,"['#ネットビジネス', '#ビジネススキル', '#競馬ファイナンス', '#SNSマーケティング', '#ビジネス書', '#コンサル', '#ネット副業', '#Webマーケティング', '#ビジネスモデル', '#データ分析', '#キャリアコンサルタント', '#テクニカル分析', '#物販ビジネス', '#デジタルマーケティング', '#スポーツビジネス', '#コミュニケーションスキル', '#ビジネス英語']"
199,"['#嘘', '#涙']"
200,"['#メンタル', '#アイデア', '#イメージ', '#シンプル']"
201,"['#万舟', '#舟券', '#万馬券', '#お酒', '#舟券予想', '#万車', '#万舟券', '#晩御飯', '#金融市場', '#お店', '#為替市場']"
202,"['#起業', '#会社', '#広告', '#人事', '#企業', '#外食', '#人材']"
203,['#バスケットボール']
204,"['#poem', '#jazz']"
205,"['#台湾', '#タイ', '#香港']"
206,['#keiba']
207,['#english']
208,['#コーチ']
209,"['#日常', '#言葉', '#未来', '#自由', '#人間', '#記憶', '#変化', '#世界', '#表現', '#環境', '#戦争', '#選択', '#平和', '#本質', '#言霊', '#自立', '#北欧', '#現実', '#理想', '#波動', '#魔法']"
210,['#競輪']
211,"['#バー', '#バラ']"
212,['#車']
213,"['#ゲーム', '#アプリ', '#マネー', '#クイズ']"
214,"['#あなたに出会えてよかった', '#シンガーソングライター']"
215,"['#イベント', '#インスタ', '#ブランド', '#アナログ', '#ブロガー', '#デジタル', '#ビジョン', '#サポート', '#yoga']"
216,"['#自転車', '#バイク']"
217,['#虹']
218,"['#エッセイ', '#イラスト', '#デザイン', '#ライター', '#シナリオ', '#コミック']"
219,['#日誌']
220,"['#アメリカ', '#フランス', '#イギリス', '#ベトナム', '#アフリカ', '#オランダ']"
221,"['#コミュニケーション', '#イラストレーター', '#イラストレーション', '#コピーライティング']"
222,['#野球']
223,"['#うつ病', '#薬剤師', '#精神科', '#弁護士']"
224,"['#動物', '#植物']"
225,"['#ライフスタイル', '#マーケティング', '#ブランディング', '#クリエイティブ', '#ワークショップ', '#イノベーション', '#コンサルタント', '#リノベーション']"
226,"['#美容', '#美肌']"
227,"['#川柳', '#落語']"
228,"['#仕事', '#副業', '#転職', '#受験', '#新卒', '#働く', '#面接', '#就職', '#育休', '#職場', '#研修', '#接客']"
229,"['#photo', '#tanka', '#diary']"
230,"['#現代詩', '#散文詩', '#私小説', '#純文学', '#ラノベ']"
231,"['#農業', '#公園', '#地域', '#地方']"
232,['#星']
233,"['#ポエム', '#絵日記', '#落書き', '#似顔絵', '#紫陽花', '#夕焼け', '#水彩画', '#手書き', '#手描き', '#トイレ', '#夕暮れ', '#ボカロ']"
234,['#薬']
235,"['#整体', '#医療', '#病院', '#保険']"
236,"['#マンガ', '#まんが']"
237,"['#麻雀', '#将棋']"
238,['#トレード']
239,"['#フォロー', '#ポケモン', '#リーダー', '#引っ越し', '#パワハラ', '#イライラ', '#思い込み', '#オカルト', '#暇つぶし', '#不労所得', '#思いやり']"
240,"['#電車', '#通勤']"
241,['#癌']
242,['#服']
243,"['#ノンフィクション', '#ドキュメンタリー', '#アンチエイジング']"
244,"['#笑顔', '#勇気', '#元気', '#奇跡']"
245,"['#フリーランス', '#インタビュー', '#アーティスト', '#ポートレート', '#プロフィール', '#ドローイング', '#ライブハウス']"
246,"['#発達障害', '#双極性障害', '#精神疾患', '#適応障害', '#認知症', '#統合失調症', '#妊活', '#不妊治療', '#鍼灸', '#摂食障害', '#障害者', '#ストレス解消', '#精神障害', '#不安障害', '#花粉症']"
247,['#株']
248,"['#フィクション', '#フェミニズム', '#チャネリング', '#アスペルガー', '#エクササイズ']"
249,['#スキ']
